{"model": null, "horizon": 30, "target_trajectory": [[[0.9995040840893384, 0.031489456786879075, 1.6022909899887792]], [[0.9980168282225346, 0.06294768132848073, 1.6337856531826618]], [[0.9955397075072836, 0.09434347235666231, 1.6652803163765444]], [[0.992075178830736, 0.12564569052682642, 1.696774979570427]], [[0.9876266784226794, 0.1568232893029139, 1.7282696427643098]], [[0.9821986184473754, 0.18784534575034617, 1.7597643059581924]], [[0.9757963826274356, 0.2186810912063758, 1.791258969152075]], [[0.9684263209040739, 0.24929994179742526, 1.8227536323459577]], [[0.9600957431390327, 0.279671528773146, 1.8542482955398403]], [[0.9508129118644292, 0.3097657286271115, 1.8857429587337229]], [[0.9405870340877136, 0.33955269297426927, 1.9172376219276055]], [[0.9294282521598658, 0.36900287815551913, 1.9487322851214883]], [[0.9173476337158891, 0.3980870745400545, 1.9802269483153707]], [[0.9043571606975775, 0.42677643549640365, 2.0117216115092535]], [[0.8904697174694445, 0.4550425060034366, 2.043216274703136]], [[0.8756990780396007, 0.4828572508729606, 2.0747109378970188]], [[0.8600598923982539, 0.5101930825559122, 2.1062056010909016]], [[0.8435676719873827, 0.5370228885045659, 2.137700264284784]], [[0.8262387743159949, 0.5633200580636221, 2.169194927478667]], [[0.8080903867362295, 0.5890585088635009, 2.200689590672549]], [[0.7891405093963936, 0.6142127126896678, 2.232184253866432]], [[0.7694079373878433, 0.638757720802328, 2.2636789170603144]], [[0.748912242103413, 0.6626691886813804, 2.2951735802541973]], [[0.7276737518258862, 0.6859234001720881, 2.32666824344808]], [[0.7057135315657568, 0.7084972910075151, 2.3581629066419625]], [[0.6830533621682822, 0.7303684716843996, 2.389657569835845]], [[0.6597157187105471, 0.7515152496697763, 2.4211522330297277]], [[0.635723748209968, 0.7719166509163209, 2.4526468962236105]], [[0.6111012466663434, 0.7915524406650775, 2.484141559417493]], [[0.5858726354602247, 0.8104031435149364, 2.5156362226113758]]], "time_steps_per_actuation": 5, "guess_from_last_solution": true, "tolerance": 0.001, "max_iter": 1000, "bounds": null, "constraints": null, "result_shape": [6, 1, 2], "raw_result": null, "result": [[[0.0, 0.0]], [[0.0, 0.0]], [[0.0, 0.0]], [[0.0, 0.0]], [[0.0, 0.0]], [[0.0, 0.0]]], "pose_weight_matrix": [[[1.0, 0.0, 0.0], [0.0, 1.0, 0.0], [0.0, 0.0, 1.0]], [[1.0, 0.0, 0.0], [0.0, 1.0, 0.0], [0.0, 0.0, 1.0]], [[1.0, 0.0, 0.0], [0.0, 1.0, 0.0], [0.0, 0.0, 1.0]], [[1.0, 0.0, 0.0], [0.0, 1.0, 0.0], [0.0, 0.0, 1.0]], [[1.0, 0.0, 0.0], [0.0, 1.0, 0.0], [0.0, 0.0, 1.0]], [[1.0, 0.0, 0.0], [0.0, 1.0, 0.0], [0.0, 0.0, 1.0]], [[1.0, 0.0, 0.0], [0.0, 1.0, 0.0], [0.0, 0.0, 1.0]], [[1.0, 0.0, 0.0], [0.0, 1.0, 0.0], [0.0, 0.0, 1.0]], [[1.0, 0.0, 0.0], [0.0, 1.0, 0.0], [0.0, 0.0, 1.0]], [[1.0, 0.0, 0.0], [0.0, 1.0, 0.0], [0.0, 0.0, 1.0]], [[1.0, 0.0, 0.0], [0.0, 1.0, 0.0], [0.0, 0.0, 1.0]], [[1.0, 0.0, 0.0], [0.0, 1.0, 0.0], [0.0, 0.0, 1.0]], [[1.0, 0.0, 0.0], [0.0, 1.0, 0.0], [0.0, 0.0, 1.0]], [[1.0, 0.0, 0.0], [0.0, 1.0, 0.0], [0.0, 0.0, 1.0]], [[1.0, 0.0, 0.0], [0.0, 1.0, 0.0], [0.0, 0.0, 1.0]], [[1.0, 0.0, 0.0], [0.0, 1.0, 0.0], [0.0, 0.0, 1.0]], [[1.0, 0.0, 0.0], [0.0, 1.0, 0.0], [0.0, 0.0, 1.0]], [[1.0, 0.0, 0.0], [0.0, 1.0, 0.0], [0.0, 0.0, 1.0]], [[1.0, 0.0, 0.0], [0.0, 1.0, 0.0], [0.0, 0.0, 1.0]], [[1.0, 0.0, 0.0], [0.0, 1.0, 0.0], [0.0, 0.0, 1.0]], [[1.0, 0.0, 0.0], [0.0, 1.0, 0.0], [0.0, 0.0, 1.0]], [[1.0, 0.0, 0.0], [0.0, 1.0, 0.0], [0.0, 0.0, 1.0]], [[1.0, 0.0, 0.0], [0.0, 1.0, 0.0], [0.0, 0.0, 1.0]], [[1.0, 0.0, 0.0], [0.0, 1.0, 0.0], [0.0, 0.0, 1.0]], [[1.0, 0.0, 0.0], [0.0, 1.0, 0.0], [0.0, 0.0, 1.0]], [[1.0, 0.0, 0.0], [0.0, 1.0, 0.0], [0.0, 0.0, 1.0]], [[1.0, 0.0, 0.0], [0.0, 1.0, 0.0], [0.0, 0.0, 1.0]], [[1.0, 0.0, 0.0], [0.0, 1.0, 0.0], [0.0, 0.0, 1.0]], [[1.0, 0.0, 0.0], [0.0, 1.0, 0.0], [0.0, 0.0, 1.0]], [[1.0, 0.0, 0.0], [0.0, 1.0, 0.0], [0.0, 0.0, 1.0]]], "actuation_derivative_weight_matrix": [[[1.0, 0.0], [0.0, 1.0]], [[1.0, 0.0], [0.0, 1.0]], [[1.0, 0.0], [0.0, 1.0]], [[1.0, 0.0], [0.0, 1.0]], [[1.0, 0.0], [0.0, 1.0]], [[1.0, 0.0], [0.0, 1.0]]], "final_weight": 2, "record": true, "predicted_trajectories": [], "candidate_actuations": [], "times": [], "model_dynamics": "turtle", "time_step": 0.001, "state": [0.0, 0.0, 0.0, 0.0, 0.0, 0.0], "actuation": [0.0, 0.0], "previous_states": [[0.0, 0.0, 0.0, 0.0, 0.0, 0.0]], "previous_actuations": [[0.0, 0.0]]}