{"candidate_shape": [5, 6], "model": "robot", "initial_actuation": [0.0, 0.0, 0.0, 0.0, 0.0, 0.0], "initial_state": [0.0, 0.0, 0.0, 0.0, 0.0, 0.0, 0.0, 0.0, 0.0, 0.0, 0.0, 0.0], "model_kwargs": {"robot_configuration": {"mass": 11.5, "center_of_mass": [0.0, 0.0, 0.0], "buoyancy": 120.0, "center_of_volume": [0.0, 0.0, -0.02], "inertial_matrix_inv": [[0.08695652173913043, 0.0, 0.0, 0.0, 0.0, 0.0], [0.0, 0.08695652173913043, 0.0, 0.0, 0.0, 0.0], [0.0, 0.0, 0.08695652173913043, 0.0, 0.0, 0.0], [0.0, 0.0, 0.0, 6.25, 0.0, 0.0], [0.0, 0.0, 0.0, 0.0, 6.25, 0.0], [0.0, 0.0, 0.0, 0.0, 0.0, 6.25]], "hydrodynamic_coefficients": [4.03, 6.22, 5.18, 0.07, 0.07, 0.07, 0.0, 0.0, 0.0, 0.0, 0.0, 0.0], "robot_max_actuation": [40, 40, 40, 40, 40, 40], "robot_max_actuation_ramp": [80, 80, 80, 80, 80, 80]}}, "target_trajectory": [[0.0, [0.0, 0.0, 0.0, 0.0, 0.0, 0.0]], [0.1328125, [0.0, 0.0, 0.01274074074074074, 0.0, 0.0, 0.0]], [0.265625, [0.0, 0.0, 0.04859259259259259, 0.0, 0.0, 0.0]], [0.3984375, [0.0, 0.0, 0.10400000000000002, 0.0, 0.0, 0.0]], [0.53125, [0.0, 0.0, 0.1754074074074074, 0.0, 0.0, 0.0]], [0.6640625, [0.0, 0.0, 0.25925925925925924, 0.0, 0.0, 0.0]], [0.796875, [0.0, 0.0, 0.3520000000000001, 0.0, 0.0, 0.0]], [0.9296875, [0.0, 0.0, 0.45007407407407407, 0.0, 0.0, 0.0]], [1.0625, [0.0, 0.0, 0.5499259259259259, 0.0, 0.0, 0.0]], [1.1953125, [0.0, 0.0, 0.6480000000000001, 0.0, 0.0, 0.0]], [1.328125, [0.0, 0.0, 0.7407407407407408, 0.0, 0.0, 0.0]], [1.4609375, [0.0, 0.0, 0.8245925925925925, 0.0, 0.0, 0.0]], [1.59375, [0.0, 0.0, 0.8960000000000001, 0.0, 0.0, 0.0]], [1.7265625, [0.0, 0.0, 0.9514074074074073, 0.0, 0.0, 0.0]], [1.859375, [0.0, 0.0, 0.9872592592592591, 0.0, 0.0, 0.0]], [1.9921875, [0.0, 0.0, 1.0, 0.0, 0.0, 0.0]], [2.125, [0.0, 0.0, 1.0, 0.0, 0.0, -0.04002621751240329]], [2.2578125, [0.0, 0.0, 1.0, 0.0, 0.0, -0.15265813190777067]], [2.390625, [0.0, 0.0, 1.0, 0.0, 0.0, -0.3267256359733386]], [2.5234375, [0.0, 0.0, 1.0, 0.0, 0.0, -0.551058622496343]], [2.65625, [0.0, 0.0, 1.0, 0.0, 0.0, -0.8144869842640204]], [2.7890625, [0.0, 0.0, 1.0, 0.0, 0.0, -1.1058406140636075]], [2.921875, [0.0, 0.0, 1.0, 0.0, 0.0, -1.4139494046823398]], [3.0546875, [0.0, 0.0, 1.0, 0.0, 0.0, -1.7276432489074534]], [3.1875, [0.0, 0.0, 1.0, 0.0, 0.0, -2.0357520395261863]], [3.3203125, [0.0, 0.0, 1.0, 0.0, 0.0, -2.327105669325773]], [3.453125, [0.0, 0.0, 1.0, 0.0, 0.0, -2.59053403109345]], [3.5859375, [0.0, 0.0, 1.0, 0.0, 0.0, -2.8148670176164554]], [3.71875, [0.0, 0.0, 1.0, 0.0, 0.0, -2.9889345216820216]], [3.8515625, [0.0, 0.0, 1.0, 0.0, 0.0, -3.1015664360773902]], [3.984375, [0.0, 0.0, 1.0, 0.0, 0.0, -3.141592653589793]], [4.1171875, [-0.01274074074074074, -0.01274074074074074, 1.0, 0.0, 0.0, -3.141592653589793]], [4.25, [-0.04859259259259259, -0.04859259259259259, 1.0, 0.0, 0.0, -3.141592653589793]], [4.3828125, [-0.10400000000000002, -0.10400000000000002, 1.0, 0.0, 0.0, -3.141592653589793]], [4.515625, [-0.1754074074074074, -0.1754074074074074, 1.0, 0.0, 0.0, -3.141592653589793]], [4.6484375, [-0.25925925925925924, -0.25925925925925924, 1.0, 0.0, 0.0, -3.141592653589793]], [4.78125, [-0.3520000000000001, -0.3520000000000001, 1.0, 0.0, 0.0, -3.141592653589793]], [4.9140625, [-0.45007407407407407, -0.45007407407407407, 1.0, 0.0, 0.0, -3.141592653589793]], [5.046875, [-0.5499259259259259, -0.5499259259259259, 1.0, 0.0, 0.0, -3.141592653589793]], [5.1796875, [-0.6480000000000001, -0.6480000000000001, 1.0, 0.0, 0.0, -3.141592653589793]], [5.3125, [-0.7407407407407408, -0.7407407407407408, 1.0, 0.0, 0.0, -3.141592653589793]], [5.4453125, [-0.8245925925925925, -0.8245925925925925, 1.0, 0.0, 0.0, -3.141592653589793]], [5.578125, [-0.8960000000000001, -0.8960000000000001, 1.0, 0.0, 0.0, -3.141592653589793]], [5.7109375, [-0.9514074074074073, -0.9514074074074073, 1.0, 0.0, 0.0, -3.141592653589793]], [5.84375, [-0.9872592592592591, -0.9872592592592591, 1.0, 0.0, 0.0, -3.141592653589793]], [5.9765625, [-1.0, -1.0, 1.0, 0.0, 0.0, -3.141592653589793]], [6.109375, [-1.0, -1.0, 0.9872592592592593, 0.0, 0.0, -3.141592653589793]], [6.2421875, [-1.0, -1.0, 0.9514074074074074, 0.0, 0.0, -3.141592653589793]], [6.375, [-1.0, -1.0, 0.896, 0.0, 0.0, -3.141592653589793]], [6.5078125, [-1.0, -1.0, 0.8245925925925925, 0.0, 0.0, -3.141592653589793]], [6.640625, [-1.0, -1.0, 0.7407407407407407, 0.0, 0.0, -3.141592653589793]], [6.7734375, [-1.0, -1.0, 0.6479999999999999, 0.0, 0.0, -3.141592653589793]], [6.90625, [-1.0, -1.0, 0.5499259259259259, 0.0, 0.0, -3.141592653589793]], [7.0390625, [-1.0, -1.0, 0.45007407407407407, 0.0, 0.0, -3.141592653589793]], [7.171875, [-1.0, -1.0, 0.35199999999999987, 0.0, 0.0, -3.141592653589793]], [7.3046875, [-1.0, -1.0, 0.2592592592592592, 0.0, 0.0, -3.141592653589793]], [7.4375, [-1.0, -1.0, 0.17540740740740746, 0.0, 0.0, -3.141592653589793]], [7.5703125, [-1.0, -1.0, 0.10399999999999987, 0.0, 0.0, -3.141592653589793]], [7.703125, [-1.0, -1.0, 0.04859259259259274, 0.0, 0.0, -3.141592653589793]], [7.8359375, [-1.0, -1.0, 0.012740740740740941, 0.0, 0.0, -3.141592653589793]], [7.96875, [-1.0, -1.0, 0.0, 0.0, 0.0, -3.141592653589793]], [8.1015625, [-0.9872592592592593, -0.9872592592592593, 0.0, 0.0, 0.0, -3.10156643607739]], [8.234375, [-0.9514074074074074, -0.9514074074074074, 0.0, 0.0, 0.0, -2.9889345216820224]], [8.3671875, [-0.896, -0.896, 0.0, 0.0, 0.0, -2.8148670176164545]], [8.5, [-0.8245925925925925, -0.8245925925925925, 0.0, 0.0, 0.0, -2.5905340310934504]], [8.6328125, [-0.7407407407407407, -0.7407407407407407, 0.0, 0.0, 0.0, -2.3271056693257726]], [8.765625, [-0.6479999999999999, -0.6479999999999999, 0.0, 0.0, 0.0, -2.0357520395261854]], [8.8984375, [-0.5499259259259259, -0.5499259259259259, 0.0, 0.0, 0.0, -1.7276432489074534]], [9.03125, [-0.45007407407407407, -0.45007407407407407, 0.0, 0.0, 0.0, -1.4139494046823398]], [9.1640625, [-0.35199999999999987, -0.35199999999999987, 0.0, 0.0, 0.0, -1.1058406140636068]], [9.296875, [-0.2592592592592592, -0.2592592592592592, 0.0, 0.0, 0.0, -0.8144869842640201]], [9.4296875, [-0.17540740740740746, -0.17540740740740746, 0.0, 0.0, 0.0, -0.5510586224963432]], [9.5625, [-0.10399999999999987, -0.10399999999999987, 0.0, 0.0, 0.0, -0.3267256359733377]], [9.6953125, [-0.04859259259259274, -0.04859259259259274, 0.0, 0.0, 0.0, -0.15265813190777155]], [9.828125, [-0.012740740740740941, -0.012740740740740941, 0.0, 0.0, 0.0, -0.04002621751240287]], [9.9609375, [0.0, 0.0, 0.0, 0.0, 0.0, 0.0]], [10.09375, [0.0, 0.0, 0.0, 0.0, 0.0, 0.0]], [10.2265625, [0.0, 0.0, 0.0, 0.0, 0.0, 0.0]], [10.359375, [0.0, 0.0, 0.0, 0.0, 0.0, 0.0]], [10.4921875, [0.0, 0.0, 0.0, 0.0, 0.0, 0.0]]], "optimization_horizon": 25, "prediction_horizon": 0, "time_step": 0.025, "time_steps_per_actuation": 5, "objective_function": "robot_objective", "pose_weight_matrix": [[2.0, 0.0, 0.0, 0.0, 0.0, 0.0], [0.0, 2.0, 0.0, 0.0, 0.0, 0.0], [0.0, 0.0, 2.0, 0.0, 0.0, 0.0], [0.0, 0.0, 0.0, 1.0, 0.0, 0.0], [0.0, 0.0, 0.0, 0.0, 1.0, 0.0], [0.0, 0.0, 0.0, 0.0, 0.0, 1.0]], "actuation_weight_matrix": [[0.01, 0.0, 0.0, 0.0, 0.0, 0.0], [0.0, 0.01, 0.0, 0.0, 0.0, 0.0], [0.0, 0.0, 0.01, 0.0, 0.0, 0.0], [0.0, 0.0, 0.0, 1.0, 0.0, 0.0], [0.0, 0.0, 0.0, 0.0, 1.0, 0.0], [0.0, 0.0, 0.0, 0.0, 0.0, 1.0]], "final_cost_weight_matrix": [[1.0, 0.0, 0.0, 0.0, 0.0, 0.0], [0.0, 1.0, 0.0, 0.0, 0.0, 0.0], [0.0, 0.0, 1.0, 0.0, 0.0, 0.0], [0.0, 0.0, 0.0, 1.0, 0.0, 0.0], [0.0, 0.0, 0.0, 0.0, 1.0, 0.0], [0.0, 0.0, 0.0, 0.0, 0.0, 1.0]], "objective_weight": 0.0, "state_record": [], "actuation_record": [], "objective_record": null, "verbose": false, "max_iter": 1000, "tolerance": 1e-06, "n_frames": 400, "command_upper_bound": 50, "command_lower_bound": -50}