{"candidate_shape": [6, 6], "model": "robot", "initial_actuation": [0.0, 0.0, 0.0, 0.0, 0.0, 0.0], "initial_state": [0.0, 0.0, 0.0, 0.0, 0.0, 0.0, 0.0, 0.0, 0.0, 0.0, 0.0, 0.0], "model_kwargs": {"robot_configuration": {"mass": 11.5, "center_of_mass": [0.0, 0.0, 0.0], "buoyancy": 120.0, "center_of_volume": [0.0, 0.0, -0.02], "inertial_matrix_inv": [[0.08695652173913043, 0.0, 0.0, 0.0, 0.0, 0.0], [0.0, 0.08695652173913043, 0.0, 0.0, 0.0, 0.0], [0.0, 0.0, 0.08695652173913043, 0.0, 0.0, 0.0], [0.0, 0.0, 0.0, 6.25, 0.0, 0.0], [0.0, 0.0, 0.0, 0.0, 6.25, 0.0], [0.0, 0.0, 0.0, 0.0, 0.0, 6.25]], "hydrodynamic_coefficients": [4.03, 6.22, 5.18, 0.07, 0.07, 0.07, 0.0, 0.0, 0.0, 0.0, 0.0, 0.0], "robot_max_actuation": [40, 40, 40, 40, 40, 40], "robot_max_actuation_ramp": [80, 80, 80, 80, 80, 80]}}, "target_pose": [0.0, 0.0, 1.0, 0.0, 0.0, 3.141592653589793], "optimization_horizon": 25, "prediction_horizon": 0, "time_step": 0.025, "time_steps_per_actuation": 5, "objective_function": null, "pose_weight_matrix": [[1.0, 0.0, 0.0, 0.0, 0.0, 0.0], [0.0, 1.0, 0.0, 0.0, 0.0, 0.0], [0.0, 0.0, 1.0, 0.0, 0.0, 0.0], [0.0, 0.0, 0.0, 1.0, 0.0, 0.0], [0.0, 0.0, 0.0, 0.0, 1.0, 0.0], [0.0, 0.0, 0.0, 0.0, 0.0, 1.0]], "actuation_weight_matrix": [[0.01, 0.0, 0.0, 0.0, 0.0, 0.0], [0.0, 0.01, 0.0, 0.0, 0.0, 0.0], [0.0, 0.0, 0.01, 0.0, 0.0, 0.0], [0.0, 0.0, 0.0, 1.0, 0.0, 0.0], [0.0, 0.0, 0.0, 0.0, 1.0, 0.0], [0.0, 0.0, 0.0, 0.0, 0.0, 1.0]], "objective_weight": 0.0, "final_cost_weight": 1.0, "state_record": [], "actuation_record": [], "objective_record": null, "verbose": false, "max_iter": 1000, "tolerance": 1e-06, "n_frames": 400, "trajectory": [[2.5, [0.0, 0.0, 1.0, 0.0, 0.0, 3.141592653589793]], [5.0, [1.0, 1.0, 1.0, 0.0, 0.0, -3.141592653589793]], [7.500000000000001, [-1.0, -1.0, 1.0, 0.0, 0.0, 3.141592653589793]], [10.0, [0.0, 0.0, 0.0, 0.0, 0.0, 0.0]]], "optimization_horizon_lower_bound": 50, "command_upper_bound": 50, "command_lower_bound": -50}