{"model": null, "horizon": 25, "target_trajectory": [[0.0, 0.0, 0.0], [0.0018437500000000003, 0.0018437500000000003, 0.0057923114550561825], [0.007250000000000001, 0.007250000000000001, 0.022776546738526006], [0.01603125, 0.01603125, 0.05036365722786137], [0.028000000000000004, 0.028000000000000004, 0.08796459430051423], [0.04296875, 0.04296875, 0.1349903093339364], [0.060750000000000005, 0.060750000000000005, 0.19085175370557994], [0.08115624999999999, 0.08115624999999999, 0.2549598787928966], [0.10400000000000002, 0.10400000000000002, 0.3267256359733386], [0.12909375, 0.12909375, 0.4055599766243574], [0.15625, 0.15625, 0.4908738521234052], [0.18528125000000004, 0.18528125000000004, 0.5820782138479339], [0.21600000000000003, 0.21600000000000003, 0.6785840131753953], [0.24821875000000002, 0.24821875000000002, 0.7798022014832415], [0.28174999999999994, 0.28174999999999994, 0.8851437301489242], [0.31640625, 0.31640625, 0.9940195505498954], [0.3520000000000001, 0.3520000000000001, 1.1058406140636075], [0.3883437499999999, 0.3883437499999999, 1.220017872067511], [0.42525, 0.42525, 1.3359622759390595], [0.46253125000000006, 0.46253125000000006, 1.4530847770557038], [0.5, 0.5, 1.5707963267948966], [0.5374687499999999, 0.5374687499999999, 1.6885078765340893], [0.5747500000000001, 0.5747500000000001, 1.8056303776507336], [0.6116562499999999, 0.6116562499999999, 1.9215747815222817], [0.6480000000000001, 0.6480000000000001, 2.0357520395261863], [0.68359375, 0.68359375, 2.147573103039898], [0.71825, 0.71825, 2.2564489234408693], [0.7517812500000002, 0.7517812500000002, 2.3617904521065523], [0.7839999999999999, 0.7839999999999999, 2.463008640414398], [0.81471875, 0.81471875, 2.559514439741859], [0.84375, 0.84375, 2.650718801466388], [0.8709062500000002, 0.8709062500000002, 2.7360326769654355], [0.8960000000000001, 0.8960000000000001, 2.8148670176164554], [0.9188437499999997, 0.9188437499999997, 2.8866327747968965], [0.9392499999999997, 0.9392499999999997, 2.950740899884213], [0.95703125, 0.95703125, 3.0066023442558567], [0.972, 0.972, 3.053628059289279], [0.9839687500000003, 0.9839687500000003, 3.0912289963619317], [0.9927500000000002, 0.9927500000000002, 3.118816106851267], [0.9981562499999999, 0.9981562499999999, 3.135800342134738], [1.0, 1.0, 3.141592653589793], [0.9963125, 0.9963125, 3.1300080306796807], [0.9855, 0.9855, 3.0960395601127413], [0.9679375, 0.9679375, 3.0408653391340703], [0.944, 0.944, 2.9656634649887645], [0.9140625, 0.9140625, 2.8716120349219203], [0.8785, 0.8785, 2.759889146178633], [0.8376875, 0.8376875, 2.631672896004], [0.7919999999999999, 0.7919999999999999, 2.488141381643116], [0.7418125, 0.7418125, 2.3304727003410783], [0.6875, 0.6875, 2.1598449493429825], [0.6294374999999999, 0.6294374999999999, 1.9774362258939253], [0.568, 0.568, 1.7844246272390025], [0.5035624999999999, 0.5035624999999999, 1.58198825062331], [0.4365000000000001, 0.4365000000000001, 1.3713051932919447], [0.3671875, 0.3671875, 1.1535535524900022], [0.2959999999999998, 0.2959999999999998, 0.9299114254625782], [0.22331250000000025, 0.22331250000000025, 0.7015569094547711], [0.14949999999999997, 0.14949999999999997, 0.46966810171167417], [0.07493749999999988, 0.07493749999999988, 0.23542309947838547], [0.0, 0.0, 0.0], [-0.07493749999999988, -0.07493749999999988, -0.23542309947838547], [-0.1495000000000002, -0.1495000000000002, -0.46966810171167417], [-0.2233124999999998, -0.2233124999999998, -0.7015569094547702], [-0.29600000000000026, -0.29600000000000026, -0.9299114254625795], [-0.3671875, -0.3671875, -1.1535535524900027], [-0.4365000000000001, -0.4365000000000001, -1.3713051932919456], [-0.5035625000000004, -0.5035625000000004, -1.5819882506233114], [-0.5679999999999998, -0.5679999999999998, -1.7844246272390025], [-0.6294375000000001, -0.6294375000000001, -1.9774362258939249], [-0.6875, -0.6875, -2.1598449493429825], [-0.7418125000000004, -0.7418125000000004, -2.330472700341078], [-0.7920000000000003, -0.7920000000000003, -2.4881413816431177], [-0.8376874999999995, -0.8376874999999995, -2.631672896004], [-0.8784999999999994, -0.8784999999999994, -2.759889146178633], [-0.9140625, -0.9140625, -2.8716120349219203], [-0.944, -0.944, -2.965663464988765], [-0.9679375000000006, -0.9679375000000006, -3.0408653391340703], [-0.9855000000000005, -0.9855000000000005, -3.0960395601127413], [-0.9963124999999997, -0.9963124999999997, -3.130008030679683], [-1.0, -1.0, -3.141592653589793], [-0.9961226588445523, -0.9980613294222762, -3.135502140345085], [-0.9847603634585883, -0.9923801817292942, -3.1176542884888545], [-0.9663177059626764, -0.9831588529813382, -3.0886846298379393], [-0.941199278477385, -0.9705996392386925, -3.04922869620918], [-0.9098096731232826, -0.9549048365616413, -2.9999220194194143], [-0.8725534820209376, -0.9362767410104689, -2.9414001312854823], [-0.8298352972909186, -0.9149176486454593, -2.8742985636242224], [-0.7820597110537939, -0.891029855526897, -2.799252848252474], [-0.7296313154301319, -0.864815657715066, -2.7168985169870763], [-0.6729547025405014, -0.8364773512702507, -2.6278711016448684], [-0.6124344645054705, -0.8062172322527352, -2.532806134042689], [-0.5484751934456076, -0.7742375967228038, -2.4323391459973775], [-0.4814814814814815, -0.7407407407407407, -2.3271056693257726], [-0.41185792073366045, -0.7059289603668302, -2.2177412358447137], [-0.3400091033227127, -0.6700045516613564, -2.10488137737104], [-0.2663396213692073, -0.6331698106846037, -1.989161625721591], [-0.19125406699371195, -0.595627033496856, -1.8712175127132045], [-0.11515703231679542, -0.5575785161583977, -1.75168457016272], [-0.03845310945902658, -0.5192265547295133, -1.6311983298869777], [0.03845310945902636, -0.4807734452704868, -1.510394323702816], [0.11515703231679586, -0.44242148384160207, -1.3899080834270727], [0.19125406699371195, -0.404372966503144, -1.2703751408765889], [0.2663396213692075, -0.36683018931539624, -1.1524310278682022], [0.34000910332271284, -0.3299954483386436, -1.0367112762187531], [0.4118579207336608, -0.2940710396331696, -0.9238514177450785], [0.4814814814814816, -0.2592592592592592, -0.8144869842640201], [0.5484751934456074, -0.22576240327719632, -0.7092535075924165], [0.6124344645054702, -0.19378276774726488, -0.6087865195471038], [0.6729547025405018, -0.1635226487297491, -0.5137215519449243], [0.7296313154301322, -0.13518434228493392, -0.4246941366027168], [0.7820597110537935, -0.10897014447310327, -0.342339805337319], [0.8298352972909182, -0.0850823513545409, -0.26729408996557114], [0.8725534820209377, -0.06372325898953113, -0.20019252230431128], [0.9098096731232825, -0.04509516343835873, -0.14167063417037884], [0.9411992784773848, -0.029400360761307587, -0.09236395738061365], [0.9663177059626773, -0.01684114701866135, -0.05290802375185244], [0.9847603634585882, -0.0076198182707059026, -0.023938365100938164], [0.9961226588445524, -0.001938670577723789, -0.006090513244707552], [1.0, 0.0, 0.0], [0.99815625, 0.0, 0.0057923114550561825], [0.99275, 0.0, 0.022776546738526006], [0.98396875, 0.0, 0.05036365722786137], [0.972, 0.0, 0.08796459430051423], [0.95703125, 0.0, 0.1349903093339364], [0.93925, 0.0, 0.19085175370557994], [0.91884375, 0.0, 0.2549598787928966], [0.896, 0.0, 0.3267256359733386], [0.87090625, 0.0, 0.4055599766243574], [0.84375, 0.0, 0.4908738521234052], [0.8147187499999999, 0.0, 0.5820782138479339], [0.784, 0.0, 0.6785840131753953], [0.75178125, 0.0, 0.7798022014832415], [0.71825, 0.0, 0.8851437301489242], [0.68359375, 0.0, 0.9940195505498954], [0.6479999999999999, 0.0, 1.1058406140636075], [0.6116562500000001, 0.0, 1.220017872067511], [0.57475, 0.0, 1.3359622759390595], [0.5374687499999999, 0.0, 1.4530847770557038], [0.5, 0.0, 1.5707963267948966], [0.46253125000000006, 0.0, 1.6885078765340893], [0.4252499999999999, 0.0, 1.8056303776507336], [0.3883437500000001, 0.0, 1.9215747815222817], [0.35199999999999987, 0.0, 2.0357520395261863], [0.31640625, 0.0, 2.147573103039898], [0.28174999999999994, 0.0, 2.2564489234408693], 